{
    "model_path": "models/lightgbm_best_model.pkl",
    "trained_at": "2025-04-05 02:27:32",
    "accuracy": 0.8176011355571328,
    "roc_auc": 0.865312554990839,
    "best_params": {
        "n_estimators": 376,
        "learning_rate": 0.06130698868123171,
        "num_leaves": 202,
        "max_depth": 5,
        "min_child_samples": 80,
        "subsample": 0.8128337526656418,
        "colsample_bytree": 0.7925490390257093,
        "lambda_l1": 7.364036199401955,
        "lambda_l2": 0.2055867567786437
    }
}