{
    "model_path": "models/lightgbm_best_model.pkl",
    "trained_at": "2025-04-05 03:54:19",
    "accuracy": 0.801277501774308,
    "roc_auc": 0.8662571035225191,
    "best_params": {
        "n_estimators": 124,
        "learning_rate": 0.010762701223632284,
        "num_leaves": 276,
        "max_depth": 12,
        "min_child_samples": 97,
        "subsample": 0.5029563207763723,
        "colsample_bytree": 0.5027863145929756,
        "lambda_l1": 1.3896431134294029e-08,
        "lambda_l2": 1.0568112017657935e-08
    }
}